experiment,Theoretical_spectrum,PYD,DOPA
6.387351063,0.0008114835520892269,4.7071160080196165e-20,0.0008114835520892269
6.387451063,0.0008114835520892206,-6.324931314254195e-18,0.0008114835520892269
6.387551063,0.0008114835520892375,1.0620004123890678e-17,0.0008114835520892269
6.387651063,0.0008114835520892418,1.4930767320220535e-17,0.0008114835520892269
6.387751063,0.0008114835520892354,8.52738407249932e-18,0.0008114835520892269
6.387851063,0.0008114835520892312,4.342143969716663e-18,0.0008114835520892269
6.387951063,0.0008114835520892376,1.0698456057357667e-17,0.0008114835520892269
6.388051063,0.0008114835520892333,6.356312087641002e-18,0.0008114835520892269
6.3881510630000005,0.0008114835520892312,4.342143969716663e-18,0.0008114835520892269
6.388251062999999,0.0008114835520892461,1.919445935647018e-17,0.0008114835520892269
6.388351063,0.0008114835520892418,1.496214809360731e-17,0.0008114835520892269
6.388451063000001,0.0008114835520892418,1.499352886699412e-17,0.0008114835520892269
6.3885510629999995,0.0008114835520892482,2.133415056794172e-17,0.0008114835520892269
6.388651063,0.0008114835520892419,1.5024909640380927e-17,0.0008114835520892269
6.388751063,0.0008114835520892397,1.2838147268829176e-17,0.0008114835520892269
6.388851063,0.0008114835520892504,2.3473841779413257e-17,0.0008114835520892269
6.388951063,0.0008114835520892418,1.496214809360731e-17,0.0008114835520892269
6.389051063,0.0008114835520892504,2.3473841779413257e-17,0.0008114835520892269
6.389151063,0.0008114835520892439,1.7046922951651952e-17,0.0008114835520892269
6.389251063,0.0008114835520892397,1.2845992462175892e-17,0.0008114835520892269
6.389351063,0.0008114835520892482,2.132630537459503e-17,0.0008114835520892269
6.389451063,0.0008114835520892439,1.7015542178265146e-17,0.0008114835520892269
6.389551063,0.0008114835520892397,1.2791076108748995e-17,0.0008114835520892269
6.3896510630000005,0.000811483552089229,2.1789171782050276e-18,0.0008114835520892269
6.389751062999999,0.0008114835520892248,-2.0455488913111377e-18,0.0008114835520892269
6.389851063,0.0008114835520892312,4.32645358302326e-18,0.0008114835520892269
6.389951063000001,0.0008114835520892311,4.263692036249675e-18,0.0008114835520892269
6.390051063,0.0008803110047131389,3.1380773386797545e-20,0.0008803110047131389
6.390151063,0.0010116601445621458,4.295072809636452e-18,0.0010116601445621415
6.390251063,0.001133946278777087,4.310763196329856e-18,0.0011339462787770826
6.390351063,0.0012434606814266357,4.255846842902958e-18,0.0012434606814266313
6.390451063,0.0013382325679440674,1.0659230090624173e-17,0.0013382325679440568
6.390551063,0.0014180112402505168,2.131846018124831e-18,0.0014180112402505146
6.390651063,0.0014839562332131975,-2.1240008247781325e-18,0.0014839562332131997
6.390751063,0.0015381580245933857,2.155381598164931e-18,0.0015381580245933835
6.390851063,0.0015831275297293226,2.092620051391334e-18,0.0015831275297293204
6.390951063,0.0016213654931436538,-1.5690386693398773e-20,0.0016213654931436538
6.391051063,0.001655072248427056,1.5690386693398773e-20,0.001655072248427056
6.391151063000001,0.0016860065390004251,4.7071160080196165e-20,0.0016860065390004251
6.3912510629999995,0.0017154652726031594,-1.4844470193406828e-17,0.0017154652726031742
6.391351063,0.0017443399709514053,-6.379847667681093e-18,0.0017443399709514116
6.391451063000001,0.0017732071397711941,2.1396912114715302e-18,0.001773207139771192
6.391551063,0.0018024212629144374,4.271537229596362e-18,0.001802421262914433
6.391651063,0.0018321930707868865,-4.248001649556271e-18,0.0018321930707868909
6.391751063,0.0018626472030214474,-4.263692036249675e-18,0.0018626472030214517
6.391851063,0.0018938605105500647,-6.356312087641002e-18,0.001893860510550071
6.3919510630000005,0.0019258853653834143,-1.0604313737197275e-17,0.001925885365383425
6.392051063,0.001958762792071953,-2.092620051391334e-18,0.001958762792071955
6.392151063,0.001992529371474978,-2.084774858044635e-18,0.0019925293714749804
6.392251063,0.0020272206589954955,-4.224466069516181e-18,0.0020272206589955
6.392351063,0.002062872802848229,2.1396912114715302e-18,0.002062872802848227
6.392451063,0.0020995233006991247,4.263692036249675e-18,0.0020995233006991204
6.392551063,0.0021372113739998124,-2.131846018124831e-18,0.0021372113739998146
6.392651063000001,0.0021759781866406208,-1.2744004948668782e-17,0.0021759781866406334
6.3927510629999995,0.002215867007821326,-7.845193346699371e-21,0.002215867007821326
6.392851063,0.0022569233605881345,-2.108310438084735e-18,0.0022569233605881367
6.392951063000001,0.0022991951724888183,6.403383247721184e-18,0.002299195172488812
6.393051063,0.0023427329349288537,-6.332776507600913e-18,0.00234273293492886
6.393151063,0.0023875898741840904,-2.100465244738033e-18,0.0023875898741840926
6.393251063,0.0024338221358348408,-8.472467719072422e-18,0.0024338221358348494
6.393351063,0.0024814889841096102,-4.216620876169464e-18,0.0024814889841096146
6.3934510630000005,0.002530653017605923,-4.248001649556271e-18,0.0025306530176059275
6.393551063,0.002581380403003597,-6.403383247721184e-18,0.0025813804030036035
6.393651063,0.0026337411285398634,-4.185240102782656e-18,0.0026337411285398678
6.393751063,0.002687809279207515,6.4661447944947995e-18,0.0026878092792075084
6.3938510630000005,0.0027436633358902435,2.3080422387844406e-16,0.0027436633358900128
6.393951063,0.002801386500872066,2.321084361080285e-15,0.002801386500869745
6.394051063,0.0028610670524884404,2.0038495738821822e-14,0.0028610670524684017
6.394151063000001,0.0029227987320425324,1.4854702031007736e-13,0.0029227987318939854
6.394251063,0.0029866811666890442,9.501312383080018e-13,0.002986681165738913
6.394351063,0.003052820333290302,5.2563808779688574e-12,0.003052820328033921
6.394451063,0.003121329071417533,2.5204513190850515e-11,0.0031213290462130195
6.394551063,0.0031923276609726625,1.0502799089410529e-10,0.0031923275559446714
6.394651063,0.0032659444920725617,3.816616252232151e-10,0.0032659441104109367
6.394751062999999,0.003342316865355402,1.2150041313648437e-09,0.003342315650351271
6.394851063,0.003421591950605183,3.4085264564638926e-09,0.0034215885420787267
6.394951063000001,0.0035039278816783492,8.490061166107188e-09,0.003503919391617183
6.3950510629999995,0.0035894948964905636,1.895219128549561e-08,0.003589475944299278
6.395151063,0.0036784764190171204,3.833854570462424e-08,0.003678438080471416
6.395251063,0.00377107008449111,7.116499836410817e-08,0.0037709989194927456
6.395351063,0.0038674888502655386,1.2280419883434585e-07,0.0038673660460667044
6.395451063,0.0039679623348907655,1.9945988658560462e-07,0.00396776287500418
6.395551063,0.004072738348709263,3.0817564885425564e-07,0.004072430173060409
6.395651063,0.004182084427439344,4.566680488552296e-07,0.004181627759390489
6.395751063,0.004296289237089629,6.528274650961295e-07,0.004295636409624533
6.395851063,0.004415663873599169,9.038808729486786e-07,0.0044147599927262205
6.395951063,0.004540543166395397,1.2152917738246988e-06,0.004539327874621572
6.396051063,0.0046712872739290996,1.5896454297147193e-06,0.004669697628499385
6.3961510630000005,0.004808284333255774,2.026234589564105e-06,0.00480625809866621
6.396251062999999,0.004951955232277875,2.5223590024706233e-06,0.004949432873275404
6.396351063,0.005102760861438542,3.076629899358777e-06,0.005099684231539183
6.396451063000001,0.005261210600499932,3.692957127687238e-06,0.005257517643372244
6.3965510629999995,0.005427869785217523,4.382870541536003e-06,0.005423486914675987
6.396651063,0.005603364650185294,5.164560119769922e-06,0.005598200090065524
6.396751063,0.0057883851292851556,6.058881459484e-06,0.005782326247825671
6.396851063,0.005983687305497138,7.083954971010861e-06,0.005976603350526127
6.396951063,0.006190097578520837,8.250228223728787e-06,0.006181847350297108
6.397051063,0.006408520403826129,9.557611074693567e-06,0.006398962792751435
6.397151063,0.006639951175801465,1.0995955464537772e-05,0.006628955220336927
6.397251063,0.006885494873735389,1.2549125282740172e-05,0.006872945748452649
6.397351063,0.007146389256119642,1.4200974920242322e-05,0.0071321882811994
6.397451063,0.007424030189223163,1.59402343595336e-05,0.00740808995486363
6.397551063,0.00771999776766052,1.77622110021552e-05,0.007702235556658365
6.3976510630000005,0.008036084421710346,1.9667544157243242e-05,0.008016416877553103
6.397751062999999,0.008374327690689047,2.1659448643940257e-05,0.008352668242045107
6.397851063,0.008737050007641882,2.374016254711026e-05,0.008713309845094771
6.397951063000001,0.00912690770335813,2.5906640400636856e-05,0.009101001062957494
6.398051063,0.009546953191741923,2.8146528223169196e-05,0.009518806663518753
6.398151063,0.010000716736446641,3.0436796775148455e-05,0.009970279939671494
6.398251063,0.010492315087193999,3.274666340370804e-05,0.01045956842379029
6.398351063,0.011026593978407712,3.504362251343758e-05,0.010991550355894275
6.398451063,0.011609313267151018,3.729918100806533e-05,0.011572014086142952
6.398551063,0.012247390532597803,3.9491322488504954e-05,0.012207899210109298
6.398651063,0.012949232649243485,4.160317102475506e-05,0.01290762947821873
6.398751063,0.013725206638957812,4.361969513270423e-05,0.013681586943825107
6.398851063,0.014588335582125451,4.552520040602694e-05,0.014542810381719425
6.398951063,0.015555361537517621,4.7303574964993555e-05,0.015508057962552627
6.399051063,0.016648408234192096,4.8941083924607394e-05,0.01659946715026749
6.399151063000001,0.017897616623500832,5.0429045030345414e-05,0.017847187578470487
6.3992510629999995,0.019345326074638743,5.176315000583553e-05,0.01929356292463291
6.399351063,0.021052620875517764,5.293902342369018e-05,0.02099968185209407
6.399451063000001,0.023109294443158575,5.394789291274241e-05,0.023055346550245832
6.399551063,0.025648363979980902,5.4777272732620844e-05,0.025593586707248282
6.399651063,0.02886596944049729,5.5417042434143894e-05,0.028810552398063145
6.399751063,0.03304652502126427,5.58653739992439e-05,0.032990659647265025
6.399851063,0.0385911047367622,5.612865326774601e-05,0.03853497608349445
6.3999510630000005,0.046044193837288666,5.621610654453737e-05,0.04598797773074413
6.400051063,0.056110532892741934,5.613587287698944e-05,0.05605439701986494
6.400151063,0.06965086876632494,5.589718755516734e-05,0.06959497157876977
6.400251063,0.08764464701227509,5.551551499351091e-05,0.08758913149728158
6.4003510630000005,0.11111081285132673,5.501371779576642e-05,0.11105579913353097
6.400451063,0.14098598776686933,5.4417140085001004e-05,0.14093157062678432
6.400551063,0.17797170152173472,5.374720112749976e-05,0.17791795432060722
6.400651063000001,0.22237614965025937,5.301848566910319e-05,0.22232313116459027
6.4007510629999995,0.27398628788950646,5.223931193414011e-05,0.2739340485775723
6.400851063,0.3320078085457507,5.141261306478732e-05,0.3319563959326859
6.400951063000001,0.39510048465300474,5.05356097296413e-05,0.3950499490432751
6.401051063,0.4615153318016087,4.9599500683708466e-05,0.46146573230092497
6.401151063,0.5293133955254434,4.8591091475607745e-05,0.5292648044339678
6.401251063,0.5966221048527145,4.749764770858774e-05,0.5965746072050059
6.401351063,0.6618722529251058,4.631478811911257e-05,0.6618259381369866
6.4014510630000006,0.7239614668989408,4.50539003654777e-05,0.7239164129985753
6.401551063,0.7823078216582043,4.37426311624598e-05,0.7822640790270419
6.401651063,0.8367844654847213,4.241491656091404e-05,0.8367420505681604
6.401751063,0.8875547751999752,4.1095750172755775e-05,0.8875136794498024
6.4018510630000005,0.9348502622463075,3.979161440208916e-05,0.9348104706319055
6.401951063,0.9787455162378088,3.849304315062727e-05,0.9787070231946582
6.402051063,1.0189843506581457,3.718572957923214e-05,1.0189471649285664
6.402151063,1.0548998541373322,3.586148324466022e-05,1.0548639926540875
6.402251063,1.085450580547542,3.4523367278543104e-05,1.0854160571802636
6.402351063,1.109369140894692,3.3184695692748695e-05,1.1093359561989993
6.402451063,1.1253928732793705,3.1864189970680536e-05,1.1253610090894
6.402551063,1.1325251872218223,3.0580030884224196e-05,1.132494607190938
6.402651063,1.1302667336126577,2.9345430666693962e-05,1.130237388181991
6.402751062999999,1.1187616217783862,2.8167258013901558e-05,1.1187334545203724
6.402851063,1.0988249258541598,2.7047193456545224e-05,1.0987978786607033
6.402951063000001,1.0718479855239427,2.5983673261000693e-05,1.0718220018506817
6.4030510629999995,1.0396082730353748,2.4973452700999022e-05,1.039583299582674
6.403151063,1.0040315444937906,2.4012756606436364e-05,1.0040075317371842
6.403251063,0.9669598667796974,2.3098385469222217e-05,0.9669367683942282
6.403351063,0.9299697945152794,2.2229090924420906e-05,0.929947565424355
6.403451063,0.8942655061202305,2.140785872487943e-05,0.8942440982615056
6.403551063,0.8606497129061537,2.064642756820593e-05,0.8606290664785855
6.403651063,0.8295575787781284,1.9974167074343257e-05,0.8295376046110541
6.403751063,0.8011296473232002,1.9456665637898805e-05,0.8011101906575624
6.403851063,0.7752991200036179,1.924429283840185e-05,0.7752798757107795
6.403951063,0.7518742930774609,1.9715062913124387e-05,0.7518545780145478
6.404051063,0.7306050253923885,2.1859197036561422e-05,0.7305831661953519
6.4041510630000005,0.7112296926960945,2.8130101679028133e-05,0.7112015625944155
6.404251062999999,0.6935043027662898,4.391187944109167e-05,0.6934603908868487
6.404351063,0.6772177285571124,7.935323806804401e-05,0.6771383753190443
6.404451063000001,0.6621969510659457,0.00015067634348685905,0.6620462747224588
6.4045510629999995,0.6483052193635794,0.00027976883277961015,0.6480254505307999
6.404651063,0.6354355952720865,0.0004915942134340202,0.6349440010586525
6.404751063,0.6235027509799704,0.0008104938040961959,0.6226922571758743
6.404851063,0.6124359246780168,0.001257360099287891,0.6111785645787289
6.404951063,0.6021744129432278,0.0018486955831026385,0.6003257173601252
6.405051063,0.5926646297400476,0.0025965297823194377,0.5900680999577282
6.405151063,0.5838569429846776,0.0035074867660942533,0.5803494562185834
6.405251063,0.5757023040436227,0.00458114164877376,0.5711211623948489
6.405351063,0.5681509256575906,0.005810040374611402,0.5623408852829792
6.405451063,0.5611547025104926,0.0071831742387982725,0.5539715282716944
6.405551063,0.5546718661399979,0.00869147403335392,0.545980392106644
6.4056510630000005,0.5486703173182971,0.010331819669161314,0.5383384976491358
6.405751062999999,0.5431275402698298,0.012107507081982537,0.5310200331878473
6.405851063,0.538027900147309,0.014026000695540383,0.5240018994517686
6.405951063000001,0.5333593463150053,0.016096013682774364,0.5172633326322309
6.406051063,0.5291109581559411,0.018325367498206062,0.5107855906577351
6.406151063,0.5252720356428795,0.020720344133426067,0.5045516915094534
6.406251063,0.5218326957444177,0.023286500869848233,0.49854619487456947
6.406351063,0.5187843038077653,0.026029283776412285,0.492755020031353
6.4064510630000004,0.5161167954220163,0.02895150172357489,0.48716529369844136
6.406551063,0.513812066192125,0.032046844241690874,0.48176522195043414
6.406651063,0.5118381789784218,0.03529419834810785,0.4765439806303139
6.406751063,0.5101527289870317,0.03866110966525867,0.47149161932177297
6.406851063,0.5087191903266655,0.04212021530818649,0.46659897501847897
6.406951063,0.5075284851107597,0.04567089207682924,0.46185759303393037
6.407051063,0.5066091154668421,0.04934946133739273,0.4572596541294493
6.407151063000001,0.5060129924729749,0.0532150844901427,0.45279790798283226
6.4072510629999995,0.5057802500243189,0.057314636290233215,0.44846561373408567
6.407351063,0.5059030661760484,0.06164657782211562,0.44425648835393283
6.407451063000001,0.5063124001634983,0.06614773707158064,0.44016466309191765
6.407551063,0.5068982903933692,0.07071364289977551,0.4361846474935937
6.407651063,0.5075523761666811,0.07524107643834749,0.4323112997283336
6.407751063,0.5082065756496508,0.07966677415746104,0.4285398014921898
6.407851063,0.5088457956611742,0.08398015997206262,0.42486563568911156
6.4079510630000005,0.5094915723728659,0.0882070069254181,0.4212845654474478
6.408051063,0.5101719114739834,0.09237929783399142,0.41779261363999204
6.408151063,0.5108973140714148,0.09651127133947195,0.41438604273194285
6.408251063,0.5116542943166654,0.10059295904365605,0.41106133527300937
6.4083510630000005,0.5124149884542318,0.10459981289044197,0.4078151755637898
6.408451063,0.513152994526054,0.1085085615518704,0.40464443297418357
6.408551063,0.5138544447170967,0.11230829755325589,0.4015461471638409
6.408651063000001,0.5145186462156733,0.11600113102385622,0.3985175151918171
6.4087510629999995,0.5151503578918095,0.11959447758575653,0.395555880306053
6.408851063,0.5157502978266842,0.12309157571088913,0.3926587221157951
6.408951063000001,0.5163095191788959,0.12648587131939706,0.38982364785949886
6.409051063,0.5168097961209778,0.1297614115901326,0.38704838453084517
6.409151063,0.5172292954670512,0.13289852378910683,0.3843307716779443
6.409251063,0.51755010690856,0.13588135218524108,0.3816687547233189
6.409351063,0.5177617806212352,0.13870140194955552,0.3790603786716797
6.409451063000001,0.5178570841311271,0.14135330203134894,0.37650378209977814
6.409551063,0.51782380857292,0.1438266172160195,0.3739971913569005
6.409651063,0.51764098356052,0.14610206862001357,0.37153891494050645
6.409751063,0.5172820027682717,0.14815466473994662,0.3691273380283251
6.409851063,0.5167191239194477,0.14995820677855962,0.3667609171408881
6.409951063,0.515925869512181,0.1514876946106014,0.3644381749015796
6.410051063,0.5148803635857263,0.15272266870011078,0.3621576948856155
6.410151063,0.5135693923026219,0.15365127566583603,0.3599181166367858
6.410251063,0.5119854986981414,0.15426736763199922,0.35771813106614214
6.410351063,0.5101156523381902,0.15455917576835743,0.35555647656983275
6.410451063,0.5079350902517099,0.15450315401894085,0.3534319362327691
6.410551063,0.5054187269256825,0.15407539057554695,0.3513433363501355
6.410651063,0.5025620146633677,0.15327246846001194,0.3492895462033557
6.410751062999999,0.4993908969749256,0.15212141832835097,0.34726947864657465
6.410851063,0.4959523522589969,0.15067026153128082,0.3452820907277161
6.410951063000001,0.492294491294186,0.14896810786974055,0.34332638342444544
6.4110510629999995,0.4884478642728717,0.14704646457714673,0.3414013996957249
6.411151063,0.4844142434203751,0.1449080229905281,0.339506220429847
6.411251063,0.48016887486733206,0.14252891645560015,0.33763995841173194
6.411351063,0.47568008184984234,0.13987833086237764,0.33580175098746473
6.411451063,0.47093661966252065,0.1369458671392031,0.33399075252331756
6.411551063,0.4659628704406743,0.13375674251940967,0.33220612792126464
6.411651063,0.46081348912468334,0.13036644080754256,0.3304470483171408
6.411751063,0.4555598489705752,0.12684715930144996,0.32871268966912526
6.411851063,0.450282330415324,0.12328009609000244,0.32700223432532155
6.411951063,0.4450660940202925,0.11975121905040668,0.3253148749698858
6.412051063,0.43999110241318445,0.11634128268208377,0.3236498197311007
6.4121510630000005,0.4351187890087284,0.11311249217109175,0.32200629683763665
6.412251062999999,0.43048668176795046,0.11010312463045653,0.32038355713749395
6.412351063,0.426114098075127,0.10733322497611285,0.31878087309901415
6.412451063000001,0.4220101137323239,0.10481258015766341,0.31719753357466046
6.4125510629999996,0.4181760581949834,0.10254322367954914,0.3156328345154342
6.412651063,0.4146044325348493,0.10051836574141752,0.31408606679343176
6.412751063,0.41127994044432825,0.09872343736933006,0.3125565030749982
6.412851063,0.408183543851844,0.0971401578205836,0.3110433860312604
6.412951063,0.4052959487407073,0.09575002885333807,0.30954591988736924
6.413051063,0.40259812577141263,0.09453485942233154,0.3080632663490811
6.413151063,0.40007002080077303,0.09347547632647654,0.3065945444742965
6.413251063,0.39768980314657787,0.09255097069545734,0.3051388324511205
6.413351063,0.395434675588855,0.09173950758567305,0.3036951680031819
6.413451063,0.39328278273583117,0.09102023899869462,0.30226254373713657
6.413551063,0.39121521608202914,0.0903753216651302,0.30083989441689896
6.4136510630000005,0.3892171377976807,0.08979106303543334,0.29942607476224736
6.413751062999999,0.3872772670361973,0.08925743867760771,0.2980198283585896
6.413851063,0.38538553536699593,0.08876578562545935,0.2966197497415366
6.413951063000001,0.383529721270095,0.0883054795158922,0.2952242417542028
6.414051063,0.3816928508218755,0.0878613825643379,0.2938314682575376
6.414151063,0.3798531260027571,0.08741382779062504,0.29243929821213205
6.414251063,0.37798653102726243,0.08694129941374708,0.29104523161351536
6.414351063,0.3760700794320158,0.08642378807588992,0.2896462913561259
6.4144510630000005,0.37408317604800784,0.08584431853149953,0.2882388575165083
6.414551063,0.37200680480421733,0.0851883952310235,0.2868184095731938
6.414651063,0.3698230866392377,0.0844439634575345,0.2853791231817032
6.414751063,0.36751778394787826,0.08360454882033581,0.28391323512754246
6.414851063,0.3650849213252023,0.08267488381191343,0.2824100375132889
6.414951063,0.3625290054619068,0.0816747158168082,0.2808542896450986
6.415051063,0.3598597449905183,0.08063599040708133,0.27922375458343696
6.415151063000001,0.35707672303062676,0.07959121515767635,0.2774855078729504
6.4152510629999995,0.35414503709692613,0.07855435041462125,0.27559068668230485
6.415351063,0.35096701530267405,0.0774994815919963,0.2734675337106777
6.415451063000001,0.34736061496047416,0.07634757832166088,0.27101303663881327
6.415551063,0.3430593007183651,0.07497507013053409,0.268084230587831
6.415651063,0.3377437735161832,0.07325250164425436,0.26449127187192883
6.415751063,0.3310993196001937,0.07110384137706766,0.259995478223126
6.415851063,0.32287307096933293,0.06855684955658094,0.254316221412752
6.4159510630000005,0.3129008005585866,0.06575053195564834,0.2471502686029383
6.416051063,0.30109142124277544,0.06288603592128142,0.23820538532149405
6.416151063,0.287386855086581,0.0601402448520814,0.22724661023449963
6.416251063,0.27173272289356565,0.05758358093819835,0.2141491419553673
6.4163510630000005,0.25408953681126395,0.055141999413072684,0.19894753739819127
6.416451063,0.2344915845391762,0.05262294308940813,0.18186864144976808
6.416551063,0.21313535807526202,0.049798511318967356,0.16333684675629467
6.416651063000001,0.190459832352979,0.04651443009073555,0.14394540226224345
6.4167510629999995,0.16717252643120095,0.042777001395735675,0.12439552503546528
6.416851063,0.14418652517213443,0.03877288924704075,0.10541363592509367
6.416951063000001,0.12246903262606759,0.03480580710590083,0.08766322552016677
6.417051063,0.1028476543910285,0.031178229114518844,0.07166942527650966
6.417151063,0.08584681414585144,0.02807608712577065,0.057770727020080785
6.417251063,0.07161394877049507,0.0255091524185689,0.046104796351926165
6.417351063,0.05995390307590654,0.02332728650020849,0.03662661657569805
6.417451063000001,0.05044848931295897,0.021298375532979447,0.029150113779979524
6.4175510629999994,0.042614116082843705,0.01921326404137349,0.023400852041470216
6.417651063,0.03604329087866374,0.01697554731686608,0.01906774356179766
6.417751063,0.030483313922404415,0.01463829888090771,0.015845015041496706
6.417851063,0.025830963318991727,0.01237074378121419,0.013460219537777537
6.417951063,0.022060712175733882,0.01037245242155787,0.011688259754176011
6.418051063,0.019134609836772756,0.008780430555157934,0.010354179281614822
6.418151063,0.01694332007623334,0.007614695179714613,0.009328624896518728
6.418251063,0.015301576761888251,0.006781870296604513,0.008519706465283737
6.418351063,0.013989335562746515,0.006125276296832905,0.00786405926591361
6.418451063,0.012811393271947767,0.005492598389979039,0.007318794881968727
6.418551063,0.011646366158801574,0.004791293777085777,0.006855072381715796
6.418651063,0.010464787105124947,0.004011406856697915,0.006453380248427031
6.418751062999999,0.009311055101191441,0.003210770169452281,0.00610028493173916
6.418851063,0.008260799033502334,0.002474507811343322,0.0057862912221590115
6.418951063000001,0.007375984859117483,0.0018715077325725286,0.005504477126544955
6.4190510629999995,0.006677884458327086,0.0014282479951036001,0.005249636463223486
6.419151063,0.0061450847618762195,0.0011273441805987928,0.005017740581277427
6.419251063,0.005730146110793017,0.0009245503842406342,0.004805595726552383
6.419351063,0.005382340628833597,0.0007717212504582062,0.004610619378375391
6.419451063,0.005065382845006084,0.0006346933480209506,0.004430689496985134
6.419551063,0.004764287182292809,0.0005002477645691073,0.004264039417723702
6.419651063,0.004481394434550349,0.00037221222423583473,0.004109182210314514
6.419751063,0.004226365434741039,0.0002615107094131375,0.003964854725327902
6.419851063,0.0040066724403968875,0.0001766971948831402,0.0038299752455137476
6.419951063,0.0038230396495408394,0.00011942882408672095,0.0037036108254541182
6.420051063,0.003670194880037046,8.524317234691096e-05,0.003584951707690135
6.4201510630000005,0.0035402933971819582,6.700237988070951e-05,0.003473291017301249
6.420251062999999,0.00342606839013838,5.805992719360479e-05,0.003368008462944775
6.420351063,0.0033223120163447277,5.375489257032646e-05,0.0032685571237744014
6.420451063000001,0.003225886541469775,5.1433898090129425e-05,0.003174452643379646
6.420551063,0.003135091560616139,4.982723862469493e-05,0.0030852643219914442
6.420651063,0.003049024252806907,4.841653230809996e-05,0.003000607720498807
6.420751063,0.0029671643614426215,4.702588227722492e-05,0.0029201384791653967
6.420851063,0.0028891634735804723,4.561635344597359e-05,0.002843547120134499
6.420951063,0.002814751987025645,4.4197334412819516e-05,0.0027705546526128255
6.421051063,0.0027436982446612463,4.278940730477607e-05,0.0027009088373564703
6.421151063,0.002675788493883166,4.1407497777637176e-05,0.0026343809961055288
6.421251063,0.002610817981533825,4.005470746089424e-05,0.0025707632740729304
6.421351063,0.0025485906081089815,3.872432700380557e-05,0.002509866281105176
6.421451063,0.0024889233694396565,3.7406318449407476e-05,0.002451517050990249
6.421551063,0.002431650646323716,3.60933770216284e-05,0.0023955572693020876
6.4216510630000005,0.002376625913616706,3.4784184675383145e-05,0.002341841728941323
6.421751062999999,0.002323721423533301,3.348444396826289e-05,0.0022902369795650378
6.421851063,0.0022728263544418426,3.220621168848861e-05,0.002240620142753354
6.421951063000001,0.002223842657155491,3.096478773848293e-05,0.0021928778694170078
6.422051063,0.002176678929224319,2.977350953102629e-05,0.002146905419693293
6.422151063,0.0021312451619664792,2.8639313272312982e-05,0.002102605848694166
6.422251063,0.002087451239553196,2.75619555212911e-05,0.002059889284031905
6.422351063,0.002045209005599046,2.6536722452775654e-05,0.0020186722831462703
6.4224510630000005,0.0020044350949735504,2.555783472201988e-05,0.0019788772602515304
6.422551063,0.00196505218537353,2.4620211203763064e-05,0.0019404319741697668
6.422651063,0.0019269885701096974,2.3719500540669383e-05,0.001903269069569028
6.422751063,0.0018901772909148016,2.2851625746078026e-05,0.0018673256651687237
6.422851063,0.0018545557141529724,2.2012730816250417e-05,0.0018325429833367219
6.422951063,0.00182006551682686,2.1199500552271115e-05,0.001798866016274589
6.423051063,0.001786652643772124,2.0409419172692935e-05,0.001766243224599431
6.423151063000001,0.0017542669723489151,1.9640707664666326e-05,0.0017346262646842489
6.4232510629999995,0.0017228617404549324,1.889199887018711e-05,0.0017039697415847453
6.423351063,0.0016923929676355225,1.816198287249575e-05,0.0016742309847630268
6.423451063000001,0.0016628190891389376,1.744924495726816e-05,0.0016453698441816695
6.423551063,0.001634100884935774,1.6752380318008943e-05,0.0016173485046177651
6.423651063,0.0016062015997392453,1.6070283426257582e-05,0.0015901313163129878
6.423751063,0.001579087026182192,1.5402385883810605e-05,0.0015636846402983812
6.423851063,0.0015527253549344376,1.4748648021803391e-05,0.0015379767069126343
6.4239510630000005,0.0015270867708829239,1.4109284665388585e-05,0.0015129774862175354
6.424051063,0.0015021429612420733,1.3484392097616113e-05,0.0014886585691444572
6.424151063,0.001477866748779468,1.2873690434949012e-05,0.001464993058344519
6.424251063,0.0014542319400595812,1.2276472233011112e-05,0.0014419554678265702
6.4243510630000005,0.0014312133111698956,1.1691680614728546e-05,0.001419521630555167
6.424451063,0.0014087866021053569,1.111798882047378e-05,0.001397668613284883
6.424551063,0.0013869284833929192,1.0553845425799741e-05,0.0013763746379671193
6.424651063000001,0.0013656165738284583,9.997564685620337e-06,0.001355619009142838
6.4247510629999995,0.001344829605578734,9.447558782624068e-06,0.00133538204679611
6.424851063,0.0013245477464659916,8.902722281457607e-06,0.001315645024184534
6.424951063000001,0.0013047529658059079,8.362855580529771e-06,0.001296390110225378
6.425051063,0.0012854292287115222,7.828912665610111e-06,0.0012776003160459121
6.425151063,0.001266562285980699,7.302840631594231e-06,0.0012592594453491046
6.425251062999999,0.0012481389713368473,6.786923055566812e-06,0.0012413520482812805
6.425351063,0.0012301462222411984,6.282843731515365e-06,0.001223863378509683
6.425451063000001,0.001212570322845332,5.790969588820509e-06,0.0012067793532565113
6.4255510629999995,0.0011953968693792108,5.310353331029131e-06,0.0011900865160481818
6.425651063,0.0011786115944057564,4.839592438398473e-06,0.001173772001967358
6.425751063,0.0011622016636092575,4.378158394948964e-06,0.0011578235052143084
6.425851063,0.0011461567224987537,3.927473704099893e-06,0.0011422292487946537
6.425951063,0.001130469044165628,3.4910879882221797e-06,0.0011269779561774058
6.426051063,0.0011151325817016428,3.07375693236938e-06,0.0011120588247692735
6.426151063,0.0011001413209320763,2.6798198599412432e-06,0.001097461501072135
6.426251063,0.0010854877480723528,2.311690670567049e-06,0.0010831760574017857
6.426351063,0.0010711622536028463,1.9692835538995806e-06,0.0010691929700489466
6.426451063,0.001057153848063168,1.6507492795891661e-06,0.001055503098783579
6.426551063,0.0010434518747029365,1.3542070998165896e-06,0.00104209766760312
6.426651063,0.0010300478356144605,1.0795889765229893e-06,0.0010289682466379376
6.426751062999999,0.0010169363300066335,8.295948717092167e-07,0.0010161067351349244
6.426851063,0.0010041145249327214,6.091794924351558e-07,0.0010035053454402862
6.426951063000001,0.0009915803248055886,4.2373688812891714e-07,0.0009911565879174597
6.4270510629999995,0.0009793300732774018,2.7681654577086375e-07,0.0009790532567316309
6.427151063,0.0009673568478696241,1.6843143375655052e-07,0.0009671884164358675
6.427251063,0.0009556500800576636,9.469077672297778e-08,0.0009555553892809406
6.427351063,0.0009441965513889023,4.880828742139561e-08,0.000944147743101481
